name,male,female,others
10-19,0.004997596,0.010565953,0.010274774
20-29,0.007883881,0.013212895,0.009966496
30-39,0.004888814,0.007195985,0.010091693
40-49,0.0063006,0.010135868,0.001257247
50-59,0.014905148,0.008532164,0.001941728
60-69,0.004796899,0.003447431,
70-80,0.022706863,,0.004673959